Workbook

Sheet Tracker
A1: ASSIGNMENT TRACKER | C1: By: Brittany Frierson
A3: CLASS | B3: ASSIGNMENT | C3: STATUS | D3: PRIORITY | E3: DUE | F3: DAYS TILL DUE
A4: Organizational Behavior & Theory | B4: Syllabus Agreement Message (Blackboard) | C4: Complete | D4: Low | E4: 44939 | F4: =IF(ISBLANK(E4),"",IF(C4="Complete","Complete",IF(E4-TODAY()<0,"Overdue",IF(E4-TODAY()=0,"DUE TODAY",E4-TODAY())))) -> Complete
A5: Statistics & Quantitative Methods | B5: Syllabus Agreement Quiz | C5: Complete | D5: Low | E5: 46035 | F5: =IF(ISBLANK(E5),"",IF(C5="Complete","Complete",IF(E5-TODAY()<0,"Overdue",IF(E5-TODAY()=0,"DUE TODAY",E5-TODAY())))) -> Complete
A6: Info System Analysis and Design | B6: Quiz #1:Chapters 1-2 | C6: Complete | D6: Low | E6: 46044 | F6: =IF(ISBLANK(E6),"",IF(C6="Complete","Complete",IF(E6-TODAY()<0,"Overdue",IF(E6-TODAY()=0,"DUE TODAY",E6-TODAY())))) -> Complete
A7: Statistics & Quantitative Methods | B7: Homework #1A | C7: Complete | D7: Low | E7: 46045 | F7: =IF(ISBLANK(E7),"",IF(C7="Complete","Complete",IF(E7-TODAY()<0,"Overdue",IF(E7-TODAY()=0,"DUE TODAY",E7-TODAY())))) -> Complete
A8: Statistics & Quantitative Methods | B8: Homework #1B | C8: Complete | D8: Low | E8: 46057 | F8: =IF(ISBLANK(E8),"",IF(C8="Complete","Complete",IF(E8-TODAY()<0,"Overdue",IF(E8-TODAY()=0,"DUE TODAY",E8-TODAY())))) -> Complete
A9: Info System Analysis and Design | B9: Quiz #2: Chapters 2-3 | C9: Complete | D9: Low | E9: 46058 | F9: =IF(ISBLANK(E9),"",IF(C9="Complete","Complete",IF(E9-TODAY()<0,"Overdue",IF(E9-TODAY()=0,"DUE TODAY",E9-TODAY())))) -> Complete
A10: Statistics & Quantitative Methods | B10: TEST #1: Unit 1 | C10: Complete | D10: High | E10: 46063 | F10: =IF(ISBLANK(E10),"",IF(C10="Complete","Complete",IF(E10-TODAY()<0,"Overdue",IF(E10-TODAY()=0,"DUE TODAY",E10-TODAY())))) -> Complete
A11: Organizational Behavior & Theory | B11: Quiz #1:Chapters 1-2 | C11: Complete | D11: Low | E11: 46063 | F11: =IF(ISBLANK(E11),"",IF(C11="Complete","Complete",IF(E11-TODAY()<0,"Overdue",IF(E11-TODAY()=0,"DUE TODAY",E11-TODAY())))) -> Complete
A12: Info System Analysis and Design | B12: Homework #1: Chapter 3 | C12: Complete | D12: Low | E12: 46065 | F12: =IF(ISBLANK(E12),"",IF(C12="Complete","Complete",IF(E12-TODAY()<0,"Overdue",IF(E12-TODAY()=0,"DUE TODAY",E12-TODAY())))) -> Complete
A13: Info System Analysis and Design | B13: TEST #1: Chapters 1-3 | C13: Complete | D13: High | E13: 46066 | F13: =IF(ISBLANK(E13),"",IF(C13="Complete","Complete",IF(E13-TODAY()<0,"Overdue",IF(E13-TODAY()=0,"DUE TODAY",E13-TODAY())))) -> Complete
A14: Info System Analysis and Design | B14: Homework #2: Chapter 3 | C14: Complete | D14: Low | E14: 46072 | F14: =IF(ISBLANK(E14),"",IF(C14="Complete","Complete",IF(E14-TODAY()<0,"Overdue",IF(E14-TODAY()=0,"DUE TODAY",E14-TODAY())))) -> Complete
A15: Statistics & Quantitative Methods | B15: Homework #2A | C15: Complete | D15: Low | E15: 46073 | F15: =IF(ISBLANK(E15),"",IF(C15="Complete","Complete",IF(E15-TODAY()<0,"Overdue",IF(E15-TODAY()=0,"DUE TODAY",E15-TODAY())))) -> Complete
... A33: Statistics & Quantitative Methods | B33: FINAL EXAM/ TEST 4 | C33: Not Started | D33: High | E33: 46142 | F33: =IF(ISBLANK(E33),"",IF(C33="Complete","Complete",IF(E33-TODAY()<0,"Overdue",IF(E33-TODAY()=0,"DUE TODAY",E33-TODAY())))) -> 66
F34: =IF(ISBLANK(E34),"",IF(C34="Complete","Complete",IF(E34-TODAY()<0,"Overdue",IF(E34-TODAY()=0,"DUE TODAY",E34-TODAY()))))
F35: =IF(ISBLANK(E35),"",IF(C35="Complete","Complete",IF(E35-TODAY()<0,"Overdue",IF(E35-TODAY()=0,"DUE TODAY",E35-TODAY()))))
F36: =IF(ISBLANK(E36),"",IF(C36="Complete","Complete",IF(E36-TODAY()<0,"Overdue",IF(E36-TODAY()=0,"DUE TODAY",E36-TODAY()))))
F37: =IF(ISBLANK(E37),"",IF(C37="Complete","Complete",IF(E37-TODAY()<0,"Overdue",IF(E37-TODAY()=0,"DUE TODAY",E37-TODAY()))))
F38: =IF(ISBLANK(E38),"",IF(C38="Complete","Complete",IF(E38-TODAY()<0,"Overdue",IF(E38-TODAY()=0,"DUE TODAY",E38-TODAY()))))
F39: =IF(ISBLANK(E39),"",IF(C39="Complete","Complete",IF(E39-TODAY()<0,"Overdue",IF(E39-TODAY()=0,"DUE TODAY",E39-TODAY()))))
F40: =IF(ISBLANK(E40),"",IF(C40="Complete","Complete",IF(E40-TODAY()<0,"Overdue",IF(E40-TODAY()=0,"DUE TODAY",E40-TODAY()))))
F41: =IF(ISBLANK(E41),"",IF(C41="Complete","Complete",IF(E41-TODAY()<0,"Overdue",IF(E41-TODAY()=0,"DUE TODAY",E41-TODAY()))))
F42: =IF(ISBLANK(E42),"",IF(C42="Complete","Complete",IF(E42-TODAY()<0,"Overdue",IF(E42-TODAY()=0,"DUE TODAY",E42-TODAY()))))
F43: =IF(ISBLANK(E43),"",IF(C43="Complete","Complete",IF(E43-TODAY()<0,"Overdue",IF(E43-TODAY()=0,"DUE TODAY",E43-TODAY()))))
F44: =IF(ISBLANK(E44),"",IF(C44="Complete","Complete",IF(E44-TODAY()<0,"Overdue",IF(E44-TODAY()=0,"DUE TODAY",E44-TODAY()))))
F45: =IF(ISBLANK(E45),"",IF(C45="Complete","Complete",IF(E45-TODAY()<0,"Overdue",IF(E45-TODAY()=0,"DUE TODAY",E45-TODAY()))))
... F101: =IF(ISBLANK(E101),"",IF(C101="Complete","Complete",IF(E101-TODAY()<0,"Overdue",IF(E101-TODAY()=0,"DUE TODAY",E101-TODAY()))))

Sheet Formulas
A1: Assignment Status
A2: Not Started | B2: =COUNTIF(Tracker!C:C,"Not Started") -> 18
A3: Started | B3: =COUNTIF(Tracker!C:C,"Started") -> 0
A4: Complete | B4: =COUNTIF(Tracker!C:C,"Complete") -> 12
A5: Need Help | B5: =COUNTIF(Tracker!C:C,"Need Help") -> 0
A7: Priority Level
A8: Low | B8: =COUNTIF(Tracker!D:D,"Low") -> 22
A9: High | B9: =COUNTIF(Tracker!D:D,"High") -> 8
